,piece,current_position,next_position,skip,reward
0,"(255, 255, 255)","(2, 7)","(3, 6)",-,0
1,"(255, 255, 255)","(1, 6)","(2, 7)",-,0
2,"(255, 255, 255)","(0, 5)","(1, 6)",-,0
3,"(255, 255, 255)","(2, 1)","(3, 0)",-,0
4,"(255, 255, 255)","(2, 5)","(3, 4)",-,0
5,"(255, 255, 255)","(2, 3)","(3, 2)",-,0
6,"(255, 255, 255)","(3, 6)","(4, 5)",-,0
7,"(255, 255, 255)","(1, 4)","(2, 5)",-,0
8,"(255, 255, 255)","(1, 0)","(3, 2)","[(255, 0, 0)]",40
9,"(255, 255, 255)","(1, 2)","(2, 3)",-,0
10,"(255, 255, 255)","(0, 1)","(1, 0)",-,0
11,"(255, 255, 255)","(3, 0)","(7, 0)","[(255, 0, 0), (255, 0, 0)]",84
12,"(255, 255, 255)","(7, 0)","(6, 1)",-,0
13,"(255, 255, 255)","(3, 2)","(4, 1)",-,0
14,"(255, 255, 255)","(4, 5)","(5, 6)",-,0
15,"(255, 255, 255)","(1, 0)","(2, 1)",-,0
16,"(255, 255, 255)","(2, 3)","(3, 2)",-,0
17,"(255, 255, 255)","(6, 1)","(7, 0)",-,4
18,"(255, 255, 255)","(0, 3)","(1, 4)",-,0
19,"(255, 255, 255)","(7, 0)","(6, 1)",-,0
20,"(255, 255, 255)","(3, 2)","(5, 4)","[(255, 0, 0)]",40
21,"(255, 255, 255)","(6, 1)","(7, 2)",-,4
22,"(255, 255, 255)","(2, 5)","(3, 4)",-,0
23,"(255, 255, 255)","(7, 2)","(6, 3)",-,0
24,"(255, 255, 255)","(6, 3)","(7, 4)",-,4
25,"(255, 255, 255)","(7, 4)","(6, 5)",-,0
26,"(255, 255, 255)","(6, 5)","(5, 6)",-,0
27,"(255, 255, 255)","(5, 6)","(4, 7)",-,0
28,"(255, 255, 255)","(3, 4)","(5, 6)","[(255, 0, 0)]",40
29,"(255, 255, 255)","(1, 6)","(2, 5)",-,0
30,"(255, 255, 255)","(0, 7)","(1, 6)",-,0
31,"(255, 255, 255)","(2, 5)","(4, 3)","[(255, 0, 0)]",40
32,"(255, 255, 255)","(4, 3)","(5, 2)",-,0
33,"(255, 255, 255)","(5, 2)","(6, 3)",-,0
34,"(255, 255, 255)","(2, 7)","(3, 6)",-,0
35,"(255, 255, 255)","(5, 6)","(7, 4)","[(255, 0, 0)]",44
36,"(255, 255, 255)","(3, 6)","(4, 5)",-,0
37,"(255, 255, 255)","(4, 7)","(5, 6)",-,0
38,"(255, 255, 255)","(4, 5)","(5, 4)",-,0
39,"(255, 255, 255)","(5, 6)","(4, 7)",-,0
40,"(255, 255, 255)","(7, 4)","(6, 5)",-,0
41,"(255, 255, 255)","(4, 7)","(3, 6)",-,0
42,"(255, 255, 255)","(6, 5)","(5, 6)",-,0
43,"(255, 255, 255)","(3, 6)","(2, 7)",-,0
44,"(255, 255, 255)","(6, 3)","(7, 2)",-,4
45,"(255, 255, 255)","(5, 4)","(6, 5)",-,0
46,"(255, 255, 255)","(2, 7)","(3, 6)",-,0
47,"(255, 255, 255)","(6, 5)","(7, 4)",-,4
48,"(255, 255, 255)","(3, 6)","(2, 5)",-,0
49,"(255, 255, 255)","(2, 5)","(3, 4)",-,0
50,"(255, 255, 255)","(3, 4)","(2, 5)",-,0
51,"(255, 255, 255)","(2, 5)","(1, 6)",-,0
52,"(255, 255, 255)","(1, 6)","(2, 7)",-,0
53,"(255, 255, 255)","(7, 4)","(5, 2)","[(255, 0, 0)]",40
54,"(255, 255, 255)","(5, 2)","(4, 1)",-,0
55,"(255, 255, 255)","(4, 1)","(5, 2)",-,0
56,"(255, 255, 255)","(7, 2)","(6, 3)",-,0
57,"(255, 255, 255)","(6, 3)","(7, 4)",-,4
58,"(255, 255, 255)","(7, 4)","(6, 3)",-,0
59,"(255, 255, 255)","(2, 7)","(1, 6)",-,0
60,"(255, 255, 255)","(6, 3)","(7, 4)",-,4
61,"(255, 255, 255)","(5, 2)","(6, 3)",-,0
62,"(255, 255, 255)","(7, 4)","(6, 5)",-,0
63,"(255, 255, 255)","(6, 5)","(5, 4)",-,0
64,"(255, 255, 255)","(1, 6)","(0, 7)",-,4
65,"(255, 255, 255)","(5, 4)","(6, 5)",-,0
66,"(255, 255, 255)","(6, 3)","(7, 4)",-,4
67,"(255, 255, 255)","(7, 4)","(6, 3)",-,0
68,"(255, 255, 255)","(6, 3)","(7, 4)",-,4
69,"(255, 255, 255)","(7, 4)","(6, 3)",-,0
70,"(255, 255, 255)","(6, 3)","(7, 2)",-,4
71,"(255, 255, 255)","(6, 5)","(5, 6)",-,0
72,"(255, 255, 255)","(5, 6)","(4, 5)",-,0
73,"(255, 255, 255)","(4, 5)","(3, 6)",-,0
74,"(255, 255, 255)","(3, 6)","(4, 7)",-,0
75,"(255, 255, 255)","(4, 7)","(3, 6)",-,0
76,"(255, 255, 255)","(7, 2)","(6, 1)",-,0
77,"(255, 255, 255)","(6, 1)","(7, 0)",-,4
78,"(255, 255, 255)","(0, 7)","(1, 6)",-,0
79,"(255, 255, 255)","(7, 0)","(6, 1)",-,0
80,"(255, 255, 255)","(6, 1)","(7, 0)",-,4
81,"(255, 255, 255)","(1, 6)","(3, 4)","[(255, 0, 0)]",40
82,"(255, 255, 255)","(7, 0)","(6, 1)",-,0
83,"(255, 255, 255)","(6, 1)","(5, 0)",-,0
84,"(255, 255, 255)","(3, 4)","(4, 5)",-,0
85,"(255, 255, 255)","(4, 5)","(3, 4)",-,0
86,"(255, 255, 255)","(3, 4)","(2, 5)",-,0
87,"(255, 255, 255)","(5, 0)","(6, 1)",-,0
88,"(255, 255, 255)","(2, 5)","(1, 4)",-,0
89,"(255, 255, 255)","(6, 1)","(5, 0)",-,0
90,"(255, 255, 255)","(5, 0)","(6, 1)",-,0
91,"(255, 255, 255)","(6, 1)","(7, 0)",-,4
92,"(255, 255, 255)","(7, 0)","(6, 1)",-,0
93,"(255, 255, 255)","(6, 1)","(7, 2)",-,4
94,"(255, 255, 255)","(7, 2)","(6, 3)",-,0
95,"(255, 255, 255)","(6, 3)","(5, 2)",-,0
96,"(255, 255, 255)","(5, 2)","(4, 3)",-,0
97,"(255, 255, 255)","(4, 3)","(5, 4)",-,0
98,"(255, 255, 255)","(5, 4)","(4, 5)",-,0
99,"(255, 255, 255)","(4, 5)","(5, 4)",-,0
100,"(255, 255, 255)","(5, 4)","(6, 3)",-,0
101,"(255, 255, 255)","(6, 3)","(5, 4)",-,0
102,"(255, 255, 255)","(5, 4)","(6, 3)",-,0
103,"(255, 255, 255)","(6, 3)","(5, 2)",-,0
104,"(255, 255, 255)","(5, 2)","(6, 3)",-,0
105,"(255, 255, 255)","(6, 3)","(5, 2)",-,0
106,"(255, 255, 255)","(5, 2)","(6, 1)",-,0
107,"(255, 255, 255)","(6, 1)","(5, 2)",-,0
108,"(255, 255, 255)","(5, 2)","(7, 4)","[(255, 0, 0)]",44
109,"(255, 255, 255)","(7, 4)","(6, 5)",-,0
110,"(255, 255, 255)","(6, 5)","(5, 4)",-,0
111,"(255, 255, 255)","(5, 4)","(6, 3)",-,0
112,"(255, 255, 255)","(6, 3)","(7, 2)",-,4
113,"(255, 255, 255)","(7, 2)","(6, 3)",-,0
114,"(255, 255, 255)","(6, 3)","(7, 4)",-,4
115,"(255, 255, 255)","(7, 4)","(6, 5)",-,0
116,"(255, 255, 255)","(6, 5)","(7, 4)",-,4
117,"(255, 255, 255)","(7, 4)","(5, 6)","[(255, 0, 0)]",40
118,"(255, 255, 255)","(5, 6)","(4, 5)",-,0
119,"(255, 255, 255)","(4, 5)","(5, 6)",-,0
120,"(255, 255, 255)","(5, 6)","(6, 5)",-,0
121,"(255, 255, 255)","(6, 5)","(7, 4)",-,4
122,"(255, 255, 255)","(7, 4)","(6, 5)",-,0
123,"(255, 255, 255)","(6, 5)","(5, 6)",-,0
124,"(255, 255, 255)","(5, 6)","(6, 7)",-,0
125,"(255, 255, 255)","(6, 7)","(7, 6)",-,4
126,"(255, 255, 255)","(7, 6)","(6, 5)",-,0
127,"(255, 255, 255)","(6, 5)","(7, 4)",-,4
128,"(255, 255, 255)","(7, 4)","(6, 3)",-,0
129,"(255, 255, 255)","(6, 3)","(5, 2)",-,0
130,"(255, 255, 255)","(5, 2)","(4, 3)",-,0
131,"(255, 255, 255)","(4, 3)","(3, 4)",-,0
132,"(255, 255, 255)","(3, 4)","(4, 5)",-,0
133,"(255, 255, 255)","(4, 5)","(3, 4)",-,0
134,"(255, 255, 255)","(3, 4)","(2, 5)",-,0
135,"(255, 255, 255)","(2, 5)","(1, 4)",-,0
136,"(255, 255, 255)","(1, 4)","(0, 3)",-,4
137,"(255, 255, 255)","(0, 3)","(1, 2)",-,0
138,"(255, 255, 255)","(1, 2)","(0, 3)",-,4
139,"(255, 255, 255)","(0, 3)","(1, 4)",-,0
140,"(255, 255, 255)","(1, 4)","(0, 5)",-,4
141,"(255, 255, 255)","(0, 5)","(1, 4)",-,0
142,"(255, 255, 255)","(1, 4)","(2, 3)",-,0
143,"(255, 255, 255)","(2, 3)","(3, 2)",-,0
144,"(255, 255, 255)","(3, 2)","(4, 1)",-,0
145,"(255, 255, 255)","(4, 1)","(5, 0)",-,0
146,"(255, 255, 255)","(5, 0)","(4, 1)",-,0
147,"(255, 255, 255)","(4, 1)","(5, 0)",-,0
148,"(255, 255, 255)","(5, 0)","(4, 1)",-,0
149,"(255, 255, 255)","(4, 1)","(5, 0)",-,0
150,"(255, 255, 255)","(5, 0)","(4, 1)",-,0
151,"(255, 255, 255)","(4, 1)","(3, 0)",-,0
152,"(255, 255, 255)","(3, 0)","(4, 1)",-,0
153,"(255, 255, 255)","(4, 1)","(5, 0)",-,0
154,"(255, 255, 255)","(5, 0)","(4, 1)",-,0
155,"(255, 255, 255)","(4, 1)","(5, 2)",-,0
156,"(255, 255, 255)","(5, 2)","(6, 1)",-,0
157,"(255, 255, 255)","(6, 1)","(5, 2)",-,0
158,"(255, 255, 255)","(5, 2)","(6, 3)",-,0
159,"(255, 255, 255)","(6, 3)","(5, 4)",-,0
160,"(255, 255, 255)","(5, 4)","(6, 5)",-,0
161,"(255, 255, 255)","(6, 5)","(5, 4)",-,0
162,"(255, 255, 255)","(5, 4)","(6, 3)",-,0
163,"(255, 255, 255)","(6, 3)","(7, 2)",-,4
164,"(255, 255, 255)","(7, 2)","(6, 3)",-,0
165,"(255, 255, 255)","(6, 3)","(7, 2)",-,4
166,"(255, 255, 255)","(7, 2)","(5, 0)","[(255, 0, 0)]",40
167,"(255, 255, 255)","(2, 1)","(3, 0)",-,0
168,"(255, 255, 255)","(2, 3)","(3, 4)",-,0
169,"(255, 255, 255)","(3, 4)","(4, 5)",-,0
170,"(255, 255, 255)","(1, 0)","(2, 1)",-,0
171,"(255, 255, 255)","(4, 5)","(5, 4)",-,0
172,"(255, 255, 255)","(2, 7)","(6, 7)","[(255, 0, 0), (255, 0, 0)]",80
173,"(255, 255, 255)","(2, 5)","(4, 7)","[(255, 0, 0)]",40
174,"(255, 255, 255)","(1, 6)","(2, 7)",-,0
175,"(255, 255, 255)","(3, 0)","(4, 1)",-,0
176,"(255, 255, 255)","(5, 4)","(6, 5)",-,0
177,"(255, 255, 255)","(2, 1)","(3, 0)",-,0
178,"(255, 255, 255)","(1, 4)","(2, 5)",-,0
179,"(255, 255, 255)","(1, 2)","(2, 1)",-,0
180,"(255, 255, 255)","(4, 7)","(6, 5)","[(255, 0, 0)]",40
181,"(255, 255, 255)","(0, 3)","(1, 4)",-,0
182,"(255, 255, 255)","(2, 5)","(3, 4)",-,0
183,"(255, 255, 255)","(6, 5)","(7, 4)",-,4
184,"(255, 255, 255)","(3, 4)","(4, 5)",-,0
185,"(255, 255, 255)","(4, 5)","(5, 6)",-,0
186,"(255, 255, 255)","(3, 0)","(4, 1)",-,0
187,"(255, 255, 255)","(2, 1)","(3, 0)",-,0
188,"(255, 255, 255)","(0, 1)","(1, 0)",-,0
189,"(255, 255, 255)","(4, 1)","(5, 0)",-,0
190,"(255, 255, 255)","(3, 0)","(4, 1)",-,0
191,"(255, 255, 255)","(1, 4)","(2, 3)",-,0
192,"(255, 255, 255)","(7, 4)","(6, 5)",-,0
193,"(255, 255, 255)","(2, 7)","(4, 5)","[(255, 0, 0)]",40
194,"(255, 255, 255)","(6, 5)","(7, 6)",-,4
195,"(255, 255, 255)","(7, 6)","(6, 5)",-,0
196,"(255, 255, 255)","(0, 7)","(1, 6)",-,0
197,"(255, 255, 255)","(1, 6)","(2, 5)",-,0
198,"(255, 255, 255)","(4, 5)","(5, 6)",-,0
199,"(255, 255, 255)","(1, 0)","(2, 1)",-,0
200,"(255, 255, 255)","(0, 5)","(2, 3)","[(255, 0, 0)]",40
201,"(255, 255, 255)","(6, 5)","(5, 4)",-,0
202,"(255, 255, 255)","(5, 4)","(6, 3)",-,0
203,"(255, 255, 255)","(6, 7)","(7, 6)",-,4
204,"(255, 255, 255)","(6, 3)","(7, 2)",-,4
205,"(255, 255, 255)","(5, 6)","(6, 7)",-,0
206,"(255, 255, 255)","(7, 6)","(6, 5)",-,0
207,"(255, 255, 255)","(2, 1)","(3, 0)",-,0
208,"(255, 255, 255)","(6, 5)","(5, 6)",-,0
209,"(255, 255, 255)","(7, 2)","(6, 3)",-,0
210,"(255, 255, 255)","(5, 6)","(4, 7)",-,0
211,"(255, 255, 255)","(6, 3)","(5, 4)",-,0
212,"(255, 255, 255)","(4, 7)","(5, 6)",-,0
213,"(255, 255, 255)","(2, 5)","(3, 4)",-,0
214,"(255, 255, 255)","(5, 6)","(4, 7)",-,0
215,"(255, 255, 255)","(4, 7)","(5, 6)",-,0
216,"(255, 255, 255)","(5, 6)","(4, 5)",-,0
217,"(255, 255, 255)","(4, 5)","(5, 6)",-,0
218,"(255, 255, 255)","(5, 6)","(4, 7)",-,0
219,"(255, 255, 255)","(3, 4)","(4, 5)",-,0
220,"(255, 255, 255)","(5, 0)","(6, 1)",-,0
221,"(255, 255, 255)","(4, 7)","(2, 5)","[(255, 0, 0)]",40
222,"(255, 255, 255)","(4, 1)","(6, 3)","[(255, 0, 0)]",40
223,"(255, 255, 255)","(3, 0)","(4, 1)",-,0
224,"(255, 255, 255)","(2, 5)","(1, 4)",-,0
225,"(255, 255, 255)","(6, 7)","(7, 6)",-,4
226,"(255, 255, 255)","(5, 4)","(4, 3)",-,0
227,"(255, 255, 255)","(4, 3)","(3, 4)",-,0
228,"(255, 255, 255)","(1, 4)","(0, 5)",-,4
229,"(255, 255, 255)","(6, 3)","(7, 4)",-,4
230,"(255, 255, 255)","(7, 6)","(6, 5)",-,0
231,"(255, 255, 255)","(4, 5)","(5, 4)",-,0
232,"(255, 255, 255)","(0, 5)","(1, 6)",-,0
233,"(255, 255, 255)","(6, 1)","(7, 0)",-,4
234,"(255, 255, 255)","(6, 5)","(5, 6)",-,0
235,"(255, 255, 255)","(5, 4)","(6, 3)",-,0
236,"(255, 255, 255)","(6, 3)","(7, 2)",-,4
237,"(255, 255, 255)","(5, 6)","(4, 5)",-,0
238,"(255, 255, 255)","(7, 4)","(6, 3)",-,0
239,"(255, 255, 255)","(6, 3)","(7, 4)",-,4
240,"(255, 255, 255)","(7, 4)","(6, 3)",-,0
241,"(255, 255, 255)","(4, 5)","(2, 3)","[(255, 0, 0)]",40
242,"(255, 255, 255)","(2, 3)","(1, 2)",-,0
243,"(255, 255, 255)","(6, 3)","(7, 4)",-,4
244,"(255, 255, 255)","(7, 2)","(6, 3)",-,0
245,"(255, 255, 255)","(1, 2)","(2, 1)",-,0
246,"(255, 255, 255)","(6, 3)","(7, 2)",-,4
247,"(255, 255, 255)","(7, 2)","(6, 3)",-,0
248,"(255, 255, 255)","(2, 1)","(3, 0)",-,0
249,"(255, 255, 255)","(3, 0)","(2, 1)",-,0
250,"(255, 255, 255)","(6, 3)","(5, 2)",-,0
251,"(255, 255, 255)","(7, 4)","(6, 3)",-,0
252,"(255, 255, 255)","(2, 1)","(0, 3)","[(255, 0, 0)]",44
253,"(255, 255, 255)","(7, 0)","(6, 1)",-,0
254,"(255, 255, 255)","(0, 3)","(2, 5)","[(255, 0, 0)]",40
255,"(255, 255, 255)","(6, 1)","(5, 0)",-,0
256,"(255, 255, 255)","(5, 2)","(6, 1)",-,0
257,"(255, 255, 255)","(6, 3)","(7, 2)",-,4
258,"(255, 255, 255)","(5, 0)","(4, 1)",-,0
259,"(255, 255, 255)","(7, 2)","(6, 3)",-,0
260,"(255, 255, 255)","(4, 1)","(5, 0)",-,0
261,"(255, 255, 255)","(6, 3)","(5, 4)",-,0
262,"(255, 255, 255)","(5, 4)","(4, 3)",-,0
263,"(255, 255, 255)","(4, 3)","(5, 2)",-,0
264,"(255, 255, 255)","(5, 2)","(4, 1)",-,0
265,"(255, 255, 255)","(5, 0)","(6, 1)",-,0
266,"(255, 255, 255)","(6, 1)","(7, 2)",-,4
267,"(255, 255, 255)","(7, 2)","(6, 1)",-,0
268,"(255, 255, 255)","(6, 1)","(5, 2)",-,0
269,"(255, 255, 255)","(5, 2)","(6, 3)",-,0
270,"(255, 255, 255)","(6, 3)","(7, 2)",-,4
271,"(255, 255, 255)","(7, 2)","(6, 3)",-,0
272,"(255, 255, 255)","(6, 3)","(5, 4)",-,0
273,"(255, 255, 255)","(5, 4)","(4, 5)",-,0
274,"(255, 255, 255)","(4, 5)","(3, 4)",-,0
275,"(255, 255, 255)","(3, 4)","(2, 3)",-,0
276,"(255, 255, 255)","(2, 3)","(1, 2)",-,0
277,"(255, 255, 255)","(1, 2)","(0, 3)",-,4
278,"(255, 255, 255)","(0, 3)","(1, 2)",-,0
279,"(255, 255, 255)","(1, 2)","(2, 3)",-,0
280,"(255, 255, 255)","(2, 3)","(1, 4)",-,0
281,"(255, 255, 255)","(1, 4)","(0, 5)",-,4
282,"(255, 255, 255)","(0, 5)","(1, 4)",-,0
283,"(255, 255, 255)","(1, 4)","(2, 5)",-,0
284,"(255, 255, 255)","(2, 5)","(1, 6)",-,0
285,"(255, 255, 255)","(1, 6)","(0, 7)",-,4
286,"(255, 255, 255)","(0, 7)","(1, 6)",-,0
287,"(255, 255, 255)","(1, 6)","(0, 5)",-,4
288,"(255, 255, 255)","(0, 5)","(1, 4)",-,0
289,"(255, 255, 255)","(1, 4)","(0, 5)",-,4
290,"(255, 255, 255)","(0, 5)","(1, 4)",-,0
291,"(255, 255, 255)","(1, 4)","(0, 3)",-,4
292,"(255, 255, 255)","(0, 3)","(1, 2)",-,0
293,"(255, 255, 255)","(1, 2)","(0, 1)",-,4
294,"(255, 255, 255)","(0, 1)","(1, 0)",-,0
295,"(255, 255, 255)","(1, 0)","(0, 1)",-,4
296,"(255, 255, 255)","(0, 1)","(1, 2)",-,0
297,"(255, 255, 255)","(1, 2)","(0, 1)",-,4
298,"(255, 255, 255)","(0, 1)","(1, 2)",-,0
299,"(255, 255, 255)","(1, 2)","(0, 3)",-,4
300,"(255, 255, 255)","(0, 3)","(1, 4)",-,0
301,"(255, 255, 255)","(1, 4)","(0, 5)",-,4
302,"(255, 255, 255)","(0, 5)","(1, 6)",-,0
303,"(255, 255, 255)","(1, 6)","(0, 5)",-,4
304,"(255, 255, 255)","(0, 5)","(1, 4)",-,0
305,"(255, 255, 255)","(1, 4)","(2, 5)",-,0
306,"(255, 255, 255)","(2, 5)","(1, 6)",-,0
307,"(255, 255, 255)","(1, 6)","(0, 7)",-,4
308,"(255, 255, 255)","(0, 7)","(1, 6)",-,0
309,"(255, 255, 255)","(1, 6)","(0, 5)",-,4
310,"(255, 255, 255)","(0, 5)","(1, 6)",-,0
311,"(255, 255, 255)","(1, 6)","(2, 5)",-,0
312,"(255, 255, 255)","(2, 5)","(1, 4)",-,0
313,"(255, 255, 255)","(1, 4)","(2, 5)",-,0
314,"(255, 255, 255)","(2, 5)","(1, 4)",-,0
315,"(255, 255, 255)","(1, 4)","(2, 3)",-,0
316,"(255, 255, 255)","(2, 3)","(3, 2)",-,0
317,"(255, 255, 255)","(3, 2)","(4, 3)",-,0
318,"(255, 255, 255)","(4, 3)","(5, 4)",-,0
319,"(255, 255, 255)","(5, 4)","(6, 5)",-,0
320,"(255, 255, 255)","(6, 5)","(7, 4)",-,4
321,"(255, 255, 255)","(7, 4)","(6, 5)",-,0
322,"(255, 255, 255)","(6, 5)","(7, 6)",-,4
323,"(255, 255, 255)","(7, 6)","(6, 5)",-,0
324,"(255, 255, 255)","(6, 5)","(7, 4)",-,4
325,"(255, 255, 255)","(7, 4)","(6, 3)",-,0
326,"(255, 255, 255)","(6, 3)","(5, 4)",-,0
327,"(255, 255, 255)","(5, 4)","(6, 3)",-,0
328,"(255, 255, 255)","(6, 3)","(7, 4)",-,4
329,"(255, 255, 255)","(7, 4)","(6, 3)",-,0
330,"(255, 255, 255)","(6, 3)","(7, 2)",-,4
331,"(255, 255, 255)","(7, 2)","(6, 3)",-,0
332,"(255, 255, 255)","(6, 3)","(7, 4)",-,4
333,"(255, 255, 255)","(7, 4)","(6, 3)",-,0
334,"(255, 255, 255)","(6, 3)","(7, 2)",-,4
335,"(255, 255, 255)","(7, 2)","(6, 3)",-,0
336,"(255, 255, 255)","(6, 3)","(7, 2)",-,4
337,"(255, 255, 255)","(7, 2)","(6, 1)",-,0
338,"(255, 255, 255)","(6, 1)","(7, 2)",-,4
339,"(255, 255, 255)","(7, 2)","(6, 1)",-,0
340,"(255, 255, 255)","(6, 1)","(5, 2)",-,0
341,"(255, 255, 255)","(5, 2)","(6, 1)",-,0
342,"(255, 255, 255)","(2, 1)","(3, 0)",-,0
343,"(255, 255, 255)","(2, 3)","(3, 4)",-,0
344,"(255, 255, 255)","(1, 4)","(2, 3)",-,0
345,"(255, 255, 255)","(3, 4)","(4, 5)",-,0
346,"(255, 255, 255)","(2, 3)","(3, 4)",-,0
347,"(255, 255, 255)","(1, 2)","(2, 3)",-,0
348,"(255, 255, 255)","(3, 4)","(4, 3)",-,0
349,"(255, 255, 255)","(2, 5)","(3, 4)",-,0
350,"(255, 255, 255)","(0, 3)","(1, 2)",-,0
351,"(255, 255, 255)","(0, 5)","(1, 4)",-,0
352,"(255, 255, 255)","(1, 4)","(2, 5)",-,0
353,"(255, 255, 255)","(2, 7)","(4, 5)","[(255, 0, 0)]",40
354,"(255, 255, 255)","(4, 5)","(6, 3)","[(255, 0, 0)]",40
355,"(255, 255, 255)","(3, 4)","(4, 5)",-,0
356,"(255, 255, 255)","(2, 5)","(3, 6)",-,0
357,"(255, 255, 255)","(2, 3)","(6, 3)","[(255, 0, 0), (255, 0, 0)]",80
358,"(255, 255, 255)","(1, 2)","(2, 3)",-,0
359,"(255, 255, 255)","(2, 3)","(3, 4)",-,0
360,"(255, 255, 255)","(1, 6)","(2, 5)",-,0
361,"(255, 255, 255)","(6, 3)","(7, 2)",-,4
362,"(255, 255, 255)","(2, 5)","(3, 6)",-,0
363,"(255, 255, 255)","(0, 7)","(1, 6)",-,0
364,"(255, 255, 255)","(7, 2)","(5, 0)","[(255, 0, 0)]",40
365,"(255, 255, 255)","(3, 4)","(4, 5)",-,0
366,"(255, 255, 255)","(4, 5)","(5, 4)",-,0
367,"(255, 255, 255)","(0, 1)","(1, 2)",-,0
368,"(255, 255, 255)","(5, 4)","(6, 3)",-,0
369,"(255, 255, 255)","(3, 0)","(4, 1)",-,0
370,"(255, 255, 255)","(5, 0)","(6, 1)",-,0
371,"(255, 255, 255)","(6, 1)","(5, 2)",-,0
372,"(255, 255, 255)","(1, 2)","(3, 4)","[(255, 0, 0)]",40
373,"(255, 255, 255)","(3, 4)","(4, 3)",-,0
374,"(255, 255, 255)","(6, 3)","(7, 2)",-,4
375,"(255, 255, 255)","(7, 2)","(6, 3)",-,0
376,"(255, 255, 255)","(6, 3)","(5, 4)",-,0
377,"(255, 255, 255)","(5, 2)","(6, 1)",-,0
378,"(255, 255, 255)","(6, 1)","(7, 0)",-,4
379,"(255, 255, 255)","(4, 1)","(5, 0)",-,0
380,"(255, 255, 255)","(5, 4)","(6, 5)",-,0
381,"(255, 255, 255)","(4, 3)","(5, 4)",-,0
382,"(255, 255, 255)","(7, 0)","(6, 1)",-,0
383,"(255, 255, 255)","(1, 0)","(2, 1)",-,0
384,"(255, 255, 255)","(6, 5)","(7, 4)",-,4
385,"(255, 255, 255)","(7, 4)","(6, 5)",-,0
386,"(255, 255, 255)","(6, 5)","(5, 6)",-,0
387,"(255, 255, 255)","(5, 4)","(6, 3)",-,0
388,"(255, 255, 255)","(5, 6)","(6, 5)",-,0
389,"(255, 255, 255)","(6, 1)","(7, 2)",-,4
390,"(255, 255, 255)","(7, 2)","(6, 1)",-,0
391,"(255, 255, 255)","(6, 3)","(7, 2)",-,4
392,"(255, 255, 255)","(2, 1)","(3, 0)",-,0
393,"(255, 255, 255)","(3, 0)","(4, 1)",-,0
394,"(255, 255, 255)","(6, 5)","(5, 6)",-,0
395,"(255, 255, 255)","(5, 6)","(4, 7)",-,0
396,"(255, 255, 255)","(6, 1)","(7, 0)",-,4
397,"(255, 255, 255)","(7, 2)","(6, 3)",-,0
398,"(255, 255, 255)","(7, 0)","(6, 1)",-,0
399,"(255, 255, 255)","(6, 1)","(7, 0)",-,4
400,"(255, 255, 255)","(6, 3)","(5, 2)",-,0
401,"(255, 255, 255)","(7, 0)","(6, 1)",-,0
402,"(255, 255, 255)","(4, 7)","(5, 6)",-,0
403,"(255, 255, 255)","(6, 1)","(7, 2)",-,4
404,"(255, 255, 255)","(7, 2)","(6, 3)",-,0
405,"(255, 255, 255)","(5, 6)","(4, 7)",-,0
406,"(255, 255, 255)","(4, 7)","(3, 6)",-,0
407,"(255, 255, 255)","(3, 6)","(4, 7)",-,0
408,"(255, 255, 255)","(5, 0)","(6, 1)",-,0
409,"(255, 255, 255)","(4, 7)","(3, 6)",-,0
410,"(255, 255, 255)","(6, 3)","(7, 4)",-,4
411,"(255, 255, 255)","(3, 6)","(4, 5)",-,0
412,"(255, 255, 255)","(4, 5)","(3, 6)",-,0
413,"(255, 255, 255)","(4, 1)","(5, 0)",-,0
414,"(255, 255, 255)","(3, 6)","(4, 5)",-,0
415,"(255, 255, 255)","(4, 5)","(5, 4)",-,0
416,"(255, 255, 255)","(5, 2)","(4, 3)",-,0
417,"(255, 255, 255)","(7, 4)","(6, 3)",-,0
418,"(255, 255, 255)","(6, 1)","(7, 0)",-,4
419,"(255, 255, 255)","(5, 4)","(4, 5)",-,0
420,"(255, 255, 255)","(4, 3)","(3, 4)",-,0
421,"(255, 255, 255)","(4, 5)","(5, 4)",-,0
422,"(255, 255, 255)","(5, 0)","(6, 1)",-,0
423,"(255, 255, 255)","(5, 4)","(6, 5)",-,0
424,"(255, 255, 255)","(6, 5)","(5, 4)",-,0
425,"(255, 255, 255)","(6, 3)","(5, 2)",-,0
426,"(255, 255, 255)","(5, 4)","(6, 3)",-,0
427,"(255, 255, 255)","(6, 3)","(7, 4)",-,4
428,"(255, 255, 255)","(6, 1)","(7, 2)",-,4
429,"(255, 255, 255)","(7, 4)","(6, 3)",-,0
430,"(255, 255, 255)","(6, 3)","(5, 4)",-,0
431,"(255, 255, 255)","(5, 4)","(6, 5)",-,0
432,"(255, 255, 255)","(5, 2)","(6, 1)",-,0
433,"(255, 255, 255)","(7, 2)","(6, 3)",-,0
434,"(255, 255, 255)","(6, 5)","(7, 6)",-,4
435,"(255, 255, 255)","(6, 3)","(5, 4)",-,0
436,"(255, 255, 255)","(5, 4)","(4, 3)",-,0
437,"(255, 255, 255)","(7, 6)","(6, 7)",-,0
438,"(255, 255, 255)","(4, 3)","(3, 4)",-,0
439,"(255, 255, 255)","(6, 1)","(5, 0)",-,0
440,"(255, 255, 255)","(3, 4)","(4, 3)",-,0
441,"(255, 255, 255)","(7, 0)","(6, 1)",-,0
442,"(255, 255, 255)","(4, 3)","(5, 4)",-,0
443,"(255, 255, 255)","(5, 4)","(6, 5)",-,0
444,"(255, 255, 255)","(6, 1)","(5, 2)",-,0
445,"(255, 255, 255)","(6, 5)","(7, 6)",-,4
446,"(255, 255, 255)","(5, 2)","(6, 3)",-,0
447,"(255, 255, 255)","(7, 6)","(6, 5)",-,0
448,"(255, 255, 255)","(5, 0)","(6, 1)",-,0
449,"(255, 255, 255)","(6, 1)","(7, 2)",-,4
450,"(255, 255, 255)","(6, 5)","(5, 4)",-,0
451,"(255, 255, 255)","(5, 4)","(6, 5)",-,0
452,"(255, 255, 255)","(6, 5)","(7, 4)",-,4
453,"(255, 255, 255)","(6, 3)","(5, 4)",-,0
454,"(255, 255, 255)","(5, 4)","(6, 3)",-,0
455,"(255, 255, 255)","(6, 7)","(7, 6)",-,4
456,"(255, 255, 255)","(7, 6)","(6, 7)",-,0
457,"(255, 255, 255)","(6, 3)","(4, 1)","[(255, 0, 0)]",40
458,"(255, 255, 255)","(4, 1)","(5, 2)",-,0
459,"(255, 255, 255)","(5, 2)","(6, 3)",-,0
460,"(255, 255, 255)","(7, 4)","(6, 5)",-,0
461,"(255, 255, 255)","(7, 2)","(6, 1)",-,0
462,"(255, 255, 255)","(6, 5)","(7, 4)",-,4
463,"(255, 255, 255)","(6, 1)","(7, 2)",-,4
464,"(255, 255, 255)","(6, 3)","(5, 2)",-,0
465,"(255, 255, 255)","(7, 4)","(6, 3)",-,0
466,"(255, 255, 255)","(7, 2)","(6, 1)",-,0
467,"(255, 255, 255)","(6, 3)","(7, 2)",-,4
468,"(255, 255, 255)","(6, 1)","(7, 0)",-,4
469,"(255, 255, 255)","(6, 7)","(5, 6)",-,0
470,"(255, 255, 255)","(5, 6)","(6, 7)",-,0
471,"(255, 255, 255)","(6, 7)","(7, 6)",-,4
472,"(255, 255, 255)","(5, 2)","(4, 3)",-,0
473,"(255, 255, 255)","(4, 3)","(3, 4)",-,0
474,"(255, 255, 255)","(7, 2)","(6, 3)",-,0
475,"(255, 255, 255)","(3, 4)","(1, 6)","[(255, 0, 0)]",40
476,"(255, 255, 255)","(1, 6)","(2, 5)",-,0
477,"(255, 255, 255)","(2, 5)","(1, 4)",-,0
478,"(255, 255, 255)","(7, 6)","(6, 5)",-,0
479,"(255, 255, 255)","(6, 5)","(5, 4)",-,0
480,"(255, 255, 255)","(1, 4)","(2, 5)",-,0
481,"(255, 255, 255)","(5, 4)","(6, 5)",-,0
482,"(255, 255, 255)","(2, 5)","(3, 4)",-,0
483,"(255, 255, 255)","(6, 5)","(7, 4)",-,4
484,"(255, 255, 255)","(3, 4)","(2, 5)",-,0
485,"(255, 255, 255)","(2, 5)","(1, 6)",-,0
486,"(255, 255, 255)","(1, 6)","(0, 7)",-,4
487,"(255, 255, 255)","(7, 0)","(6, 1)",-,0
488,"(255, 255, 255)","(6, 1)","(7, 2)",-,4
489,"(255, 255, 255)","(7, 2)","(6, 1)",-,0
490,"(255, 255, 255)","(7, 4)","(6, 5)",-,0
491,"(255, 255, 255)","(6, 5)","(7, 6)",-,4
492,"(255, 255, 255)","(7, 6)","(6, 7)",-,0
493,"(255, 255, 255)","(6, 7)","(7, 6)",-,4
494,"(255, 255, 255)","(6, 1)","(7, 0)",-,4
495,"(255, 255, 255)","(7, 6)","(6, 5)",-,0
496,"(255, 255, 255)","(0, 7)","(1, 6)",-,0
497,"(255, 255, 255)","(6, 5)","(5, 6)",-,0
498,"(255, 255, 255)","(5, 6)","(4, 7)",-,0
499,"(255, 255, 255)","(1, 6)","(0, 5)",-,4
500,"(255, 255, 255)","(4, 7)","(5, 6)",-,0
501,"(255, 255, 255)","(5, 6)","(6, 7)",-,0
502,"(255, 255, 255)","(0, 5)","(1, 4)",-,0
503,"(255, 255, 255)","(6, 7)","(5, 6)",-,0
504,"(255, 255, 255)","(7, 0)","(6, 1)",-,0
505,"(255, 255, 255)","(1, 4)","(2, 5)",-,0
506,"(255, 255, 255)","(2, 5)","(3, 4)",-,0
507,"(255, 255, 255)","(6, 1)","(7, 2)",-,4
508,"(255, 255, 255)","(5, 6)","(4, 5)",-,0
509,"(255, 255, 255)","(7, 2)","(5, 4)","[(255, 0, 0)]",40
510,"(255, 255, 255)","(4, 5)","(5, 6)",-,0
511,"(255, 255, 255)","(3, 4)","(1, 2)","[(255, 0, 0)]",40
512,"(255, 255, 255)","(5, 6)","(6, 5)",-,0
513,"(255, 255, 255)","(6, 5)","(7, 6)",-,4
514,"(255, 255, 255)","(1, 2)","(0, 1)",-,4
515,"(255, 255, 255)","(5, 4)","(6, 5)",-,0
516,"(255, 255, 255)","(6, 5)","(5, 6)",-,0
517,"(255, 255, 255)","(7, 6)","(6, 7)",-,0
518,"(255, 255, 255)","(5, 6)","(4, 7)",-,0
519,"(255, 255, 255)","(4, 7)","(5, 6)",-,0
520,"(255, 255, 255)","(5, 6)","(4, 7)",-,0
521,"(255, 255, 255)","(4, 7)","(5, 6)",-,0
522,"(255, 255, 255)","(0, 1)","(1, 0)",-,0
523,"(255, 255, 255)","(5, 6)","(4, 5)",-,0
524,"(255, 255, 255)","(4, 5)","(5, 6)",-,0
525,"(255, 255, 255)","(5, 6)","(4, 5)",-,0
526,"(255, 255, 255)","(6, 7)","(7, 6)",-,4
527,"(255, 255, 255)","(4, 5)","(5, 6)",-,0
528,"(255, 255, 255)","(5, 6)","(4, 7)",-,0
529,"(255, 255, 255)","(4, 7)","(5, 6)",-,0
530,"(255, 255, 255)","(5, 6)","(6, 7)",-,0
531,"(255, 255, 255)","(1, 0)","(2, 1)",-,0
532,"(255, 255, 255)","(2, 1)","(1, 2)",-,0
533,"(255, 255, 255)","(1, 2)","(2, 1)",-,0
534,"(255, 255, 255)","(2, 1)","(1, 2)",-,0
535,"(255, 255, 255)","(1, 2)","(0, 3)",-,4
536,"(255, 255, 255)","(7, 6)","(6, 5)",-,0
537,"(255, 255, 255)","(0, 3)","(1, 4)",-,0
538,"(255, 255, 255)","(1, 4)","(2, 3)",-,0
539,"(255, 255, 255)","(6, 5)","(5, 4)",-,0
540,"(255, 255, 255)","(5, 4)","(4, 3)",-,0
541,"(255, 255, 255)","(2, 3)","(1, 4)",-,0
542,"(255, 255, 255)","(1, 4)","(0, 5)",-,4
543,"(255, 255, 255)","(4, 3)","(3, 2)",-,0
544,"(255, 255, 255)","(3, 2)","(4, 1)",-,0
545,"(255, 255, 255)","(6, 7)","(5, 6)",-,0
546,"(255, 255, 255)","(5, 6)","(6, 7)",-,0
547,"(255, 255, 255)","(0, 5)","(1, 6)",-,0
548,"(255, 255, 255)","(1, 6)","(2, 5)",-,0
549,"(255, 255, 255)","(2, 5)","(1, 6)",-,0
550,"(255, 255, 255)","(1, 6)","(0, 7)",-,4
551,"(255, 255, 255)","(6, 7)","(7, 6)",-,4
552,"(255, 255, 255)","(7, 6)","(6, 5)",-,0
553,"(255, 255, 255)","(0, 7)","(1, 6)",-,0
554,"(255, 255, 255)","(6, 5)","(5, 4)",-,0
555,"(255, 255, 255)","(1, 6)","(2, 7)",-,0
556,"(255, 255, 255)","(2, 7)","(3, 6)",-,0
557,"(255, 255, 255)","(3, 6)","(4, 7)",-,0
558,"(255, 255, 255)","(5, 4)","(7, 2)","[(255, 0, 0)]",44
559,"(255, 255, 255)","(7, 2)","(6, 3)",-,0
560,"(255, 255, 255)","(6, 3)","(5, 4)",-,0
561,"(255, 255, 255)","(5, 4)","(6, 5)",-,0
562,"(255, 255, 255)","(4, 7)","(5, 6)",-,0
563,"(255, 255, 255)","(5, 6)","(4, 7)",-,0
564,"(255, 255, 255)","(4, 7)","(5, 6)",-,0
565,"(255, 255, 255)","(5, 6)","(4, 5)",-,0
566,"(255, 255, 255)","(6, 5)","(5, 4)",-,0
567,"(255, 255, 255)","(4, 5)","(3, 6)",-,0
568,"(255, 255, 255)","(5, 4)","(6, 5)",-,0
569,"(255, 255, 255)","(6, 5)","(7, 4)",-,4
570,"(255, 255, 255)","(7, 4)","(6, 3)",-,0
571,"(255, 255, 255)","(3, 6)","(2, 7)",-,0
572,"(255, 255, 255)","(6, 3)","(7, 4)",-,4
573,"(255, 255, 255)","(7, 4)","(6, 3)",-,0
574,"(255, 255, 255)","(6, 3)","(5, 2)",-,0
575,"(255, 255, 255)","(5, 2)","(6, 1)",-,0
576,"(255, 255, 255)","(6, 1)","(7, 2)",-,4
577,"(255, 255, 255)","(2, 7)","(3, 6)",-,0
578,"(255, 255, 255)","(3, 6)","(2, 5)",-,0
579,"(255, 255, 255)","(2, 5)","(1, 6)",-,0
580,"(255, 255, 255)","(1, 6)","(0, 5)",-,4
581,"(255, 255, 255)","(0, 5)","(1, 6)",-,0
582,"(255, 255, 255)","(7, 2)","(6, 1)",-,0
583,"(255, 255, 255)","(1, 6)","(2, 7)",-,0
584,"(255, 255, 255)","(6, 1)","(7, 0)",-,4
585,"(255, 255, 255)","(2, 7)","(1, 6)",-,0
586,"(255, 255, 255)","(1, 6)","(2, 5)",-,0
587,"(255, 255, 255)","(2, 5)","(1, 6)",-,0
588,"(255, 255, 255)","(7, 0)","(6, 1)",-,0
589,"(255, 255, 255)","(6, 1)","(7, 0)",-,4
590,"(255, 255, 255)","(1, 6)","(0, 5)",-,4
591,"(255, 255, 255)","(0, 5)","(1, 4)",-,0
592,"(255, 255, 255)","(1, 4)","(2, 3)",-,0
593,"(255, 255, 255)","(2, 3)","(1, 4)",-,0
594,"(255, 255, 255)","(1, 4)","(2, 5)",-,0
595,"(255, 255, 255)","(2, 5)","(1, 4)",-,0
596,"(255, 255, 255)","(1, 4)","(2, 3)",-,0
597,"(255, 255, 255)","(7, 0)","(6, 1)",-,0
598,"(255, 255, 255)","(2, 3)","(1, 2)",-,0
599,"(255, 255, 255)","(6, 1)","(7, 2)",-,4
600,"(255, 255, 255)","(1, 2)","(2, 3)",-,0
601,"(255, 255, 255)","(7, 2)","(6, 1)",-,0
602,"(255, 255, 255)","(2, 3)","(1, 2)",-,0
603,"(255, 255, 255)","(6, 1)","(7, 0)",-,4
604,"(255, 255, 255)","(1, 2)","(0, 1)",-,4
605,"(255, 255, 255)","(7, 0)","(6, 1)",-,0
606,"(255, 255, 255)","(6, 1)","(7, 0)",-,4
607,"(255, 255, 255)","(0, 1)","(1, 0)",-,0
608,"(255, 255, 255)","(1, 0)","(2, 1)",-,0
609,"(255, 255, 255)","(2, 1)","(3, 0)",-,0
610,"(255, 255, 255)","(3, 0)","(4, 1)",-,0
611,"(255, 255, 255)","(7, 0)","(6, 1)",-,0
612,"(255, 255, 255)","(4, 1)","(3, 0)",-,0
613,"(255, 255, 255)","(3, 0)","(4, 1)",-,0
614,"(255, 255, 255)","(4, 1)","(5, 2)",-,0
615,"(255, 255, 255)","(5, 2)","(4, 3)",-,0
616,"(255, 255, 255)","(4, 3)","(5, 2)",-,0
617,"(255, 255, 255)","(5, 2)","(4, 3)",-,0
618,"(255, 255, 255)","(4, 3)","(5, 2)",-,0
619,"(255, 255, 255)","(5, 2)","(4, 3)",-,0
620,"(255, 255, 255)","(4, 3)","(5, 4)",-,0
621,"(255, 255, 255)","(5, 4)","(6, 5)",-,0
622,"(255, 255, 255)","(6, 5)","(5, 4)",-,0
623,"(255, 255, 255)","(5, 4)","(6, 5)",-,0
624,"(255, 255, 255)","(6, 5)","(7, 4)",-,4
625,"(255, 255, 255)","(7, 4)","(6, 5)",-,0
626,"(255, 255, 255)","(6, 5)","(5, 4)",-,0
627,"(255, 255, 255)","(5, 4)","(6, 3)",-,0
628,"(255, 255, 255)","(6, 3)","(7, 4)",-,4
629,"(255, 255, 255)","(7, 4)","(6, 3)",-,0
630,"(255, 255, 255)","(6, 3)","(7, 2)",-,4
631,"(255, 255, 255)","(7, 2)","(6, 1)",-,0
632,"(255, 255, 255)","(6, 1)","(7, 2)",-,4
633,"(255, 255, 255)","(7, 2)","(6, 1)",-,0
634,"(255, 255, 255)","(6, 1)","(7, 2)",-,4
635,"(255, 255, 255)","(7, 2)","(5, 4)","[(255, 0, 0)]",40
